-- In a real situation all ids would be generated by the server, likely using UUID
INSERT INTO User (id, username, firstName, lastName, email, password, phone, userStatus) VALUES
(1, 'john_doe', 'John', 'Doe', 'john_doe@example.com', 'johnpass123', '07700900518', 1),
(2, 'jane_smith', 'Jane', 'Smith', 'jane_smith@example.com', 'janepass123', '07700900677', 2),
(3, 'michael_jones', 'Michael', 'Jones', 'michael_jones@example.com', 'michaelpass123', '07700900468', 1),
(4, 'linda_brown', 'Linda', 'Brown', 'linda_brown@example.com', 'lindapass123', '07700900290 ', 2);

INSERT INTO Category (id, name) VALUES
(1, 'Dogs'),
(2, 'Cats'),
(3, 'Birds'),
(4, 'Fish');

INSERT INTO Pet (id, category_id, name, status) VALUES
(1, 1, 'Rex', 'available'),
(2, 2, 'Whiskers', 'pending'),
(3, 1, 'Buddy', 'sold'),
(4, 3, 'Tweety', 'available');

INSERT INTO PetPhotoUrl (id, petId, photoMetadata, photoUrl) VALUES
(1, 1, "Dog: Rex in a new building", 'http://example.com/images/rex.jpg'),
(2, 2, "120 % Brightness, 50 % Contrast", 'http://example.com/images/whiskers.jpg'),
(3, 3, "42 75 64 64 79", 'http://example.com/images/buddy.jpg'),
(4, 4, "54,77,65,65,74,79", 'http://example.com/images/tweety.jpg');

INSERT INTO Tag (id, name) VALUES
(1, 'friendly'),
(2, 'playful'),
(3, 'calm'),
(4, 'energetic');

INSERT INTO Pet_Tags (petId, tagId) VALUES
(1, 1),
(2, 2),
(3, 3),
(4, 4);

INSERT INTO PetOrder (id, petId, quantity, shipDate, status, complete) VALUES
(1, 1, 1, '2023-11-01', 'placed', FALSE),
(2, 2, 1, '2023-11-05', 'approved', TRUE),
(3, 3, 1, '2023-11-10', 'delivered', TRUE),
(4, 4, 1, '2023-11-15', 'placed', FALSE);